dataset,knn,logreg,logreg_with_pll
abalone-11class,0.14147078268314323,0.1347669527633358,0.13908655470505468
abalone-11class,0.12913707966551707,0.1840468557016029,0.13825350255813543
abalone-11class,0.1448422583334514,0.1538957171781413,0.1259582100990277
abalone-11class,0.1293759956696059,0.14807627040990154,0.13973814223106842
abalone-11class,0.1755451212941771,0.17092540076942975,0.15181444976751382
abalone-28class,0.11215932951232441,0.002517044744151045,0.11320620804543179
abalone-28class,0.15190589801966056,0.014953744106064957,0.13150462699697063
abalone-28class,0.1084129779089431,0.14876496035233974,0.09988104385932306
abalone-28class,0.13242388955062045,0.05783481144274769,0.12494318070368672
abalone-28class,0.1067780547987687,0.1356112124590361,0.09992538538239959
abalone-3class,0.4308445965400769,0.4559363368218493,0.4456361871229637
abalone-3class,0.45913979819088246,0.47562501337892243,0.46867538691199767
abalone-3class,0.42656846132690984,0.41859326794517077,0.4327579937100916
abalone-3class,0.4117773066854186,0.44567508789038557,0.4062297032391194
abalone-3class,0.429564335881159,0.4603985117989938,0.4377757852597297
abalone-7class,0.18399739182353866,0.15735911893717636,0.17798263552816235
abalone-7class,0.1635352478643096,0.18703917408703713,0.1592410608452071
abalone-7class,0.19353549407307757,0.1939792409931848,0.18854111576038862
abalone-7class,0.1685125839577228,0.20414619501420464,0.16151453306354704
abalone-7class,0.13464871261918682,0.19223682305406842,0.12341298532534617
acute-inflammations-nephritis,1.0,1.0,1.0
acute-inflammations-nephritis,1.0,1.0,1.0
acute-inflammations-nephritis,1.0,1.0,1.0
acute-inflammations-nephritis,1.0,1.0,1.0
acute-inflammations-nephritis,1.0,1.0,1.0
acute-inflammations-urinary,1.0,1.0,1.0
acute-inflammations-urinary,1.0,1.0,1.0
acute-inflammations-urinary,1.0,1.0,1.0
acute-inflammations-urinary,1.0,1.0,1.0
acute-inflammations-urinary,1.0,1.0,1.0
annealing,0.9521171544863828,0.9841570044129515,0.9676156290104828
annealing,0.9077936503978177,0.8849411885653773,0.8949893737952567
annealing,0.8721860074193516,0.9112628857243991,0.8721860074193516
annealing,0.9248444816624606,0.9385382094115016,0.9125360206816095
annealing,0.9401751095833402,0.9547283206347615,0.9122501584462259
appendicitis,0.22807017543859648,0.22807017543859648,0.22807017543859648
appendicitis,0.6140350877192983,0.5491696473652761,0.6140350877192983
appendicitis,-0.10286889997472794,0.0,-0.10286889997472794
appendicitis,0.769800358919501,0.5163977794943222,0.769800358919501
appendicitis,0.6900655593423543,0.0,0.6900655593423543
arrhythmia,0.2245157722200382,0.4216585892960891,0.2245157722200382
arrhythmia,0.19971689243523416,0.48243139170177407,0.19971689243523416
arrhythmia,0.277249015990601,0.5126251875559819,0.2979691328546803
arrhythmia,0.18713672250207627,0.5217967985874558,0.2338950732937306
arrhythmia,0.2319602710823431,0.5417513175567263,0.30246081818808973
artificial-characters,0.5911329534900547,0.273345112012882,0.5942580768159543
artificial-characters,0.5890844827953202,0.25917380648733124,0.5935408774722074
artificial-characters,0.588099929914829,0.26007252017605126,0.5999985583625762
artificial-characters,0.5786359458482937,0.2617567662422986,0.5902247597428161
artificial-characters,0.5800452295433846,0.2776806587762428,0.5877596684522042
audiology,0.5959538893511688,0.7897274205502869,0.6239783851910227
audiology,0.5316210275999048,0.5330884388810372,0.5800443948063192
audiology,0.5073511335329687,0.8476638551394964,0.5054636097305765
audiology,0.5032008308411688,0.8965016930757349,0.6301788304400852
audiology,0.4889298372875621,0.826300202795326,0.5342219972034704
autoUniv-au1-1000,0.157485197087178,0.13245323570650439,0.18884294096235507
autoUniv-au1-1000,0.1269032727424416,0.07146136498783383,0.12694744720160944
autoUniv-au1-1000,0.08762506089578127,0.03890188967981649,0.08431075142467775
autoUniv-au1-1000,0.11227217828476796,0.10343949081888197,0.12426653330918476
autoUniv-au1-1000,0.2342778824786788,0.13668920130074727,0.29260986585253274
autoUniv-au4-2500,0.05295923570895526,0.16846049594668103,0.05276338262358112
autoUniv-au4-2500,-0.0007263825031330404,0.1772951391866331,0.016243172330145998
autoUniv-au4-2500,0.040436480327727495,0.18950354716041254,0.05550389922244444
autoUniv-au4-2500,0.025845207201986995,0.2525341183264547,0.044663238234969364
autoUniv-au4-2500,0.039504448589514775,0.16619587711920564,0.035118215659388385
autoUniv-au6-1000,0.05222255990846211,-0.008544502192521272,0.02717999136252529
autoUniv-au6-1000,-0.020017708171395657,-0.039767767444993274,-0.0035741438696741553
autoUniv-au6-1000,-0.04163857124262935,-0.04122440384363734,-0.05116173833640531
autoUniv-au6-1000,0.018241802707562454,0.04985817909503062,0.038561008924748646
autoUniv-au6-1000,0.04125530873949392,0.059925386858925164,0.038175304198383234
autoUniv-au6-250-drift-au6-cd1-500,-0.0393892355230483,0.06346562149899869,-0.01610946296122146
autoUniv-au6-250-drift-au6-cd1-500,0.006618475928877662,0.008076357639764395,0.014806211438091708
autoUniv-au6-250-drift-au6-cd1-500,-0.026769978331115392,0.07520964342694506,-0.02876093208209362
autoUniv-au6-250-drift-au6-cd1-500,0.017053285066827018,0.07549191006896022,0.009509216839649127
autoUniv-au6-250-drift-au6-cd1-500,-0.017549096125640973,0.07270077183561466,-0.002488345649865272
autoUniv-au6-cd1-400,0.019207377095963575,0.054843879494619045,0.0014582600424177627
autoUniv-au6-cd1-400,0.020987535132854965,0.09983534128123923,0.03698431236274984
autoUniv-au6-cd1-400,-0.003957847908319209,-0.04475124261084949,0.07146023268323552
autoUniv-au6-cd1-400,0.028591847285196533,0.04913266255720638,0.05479273514314389
autoUniv-au6-cd1-400,0.04944596364451148,0.02440142642584704,0.014421809136090298
autoUniv-au7-300-drift-au7-cpd1-800,0.195488760291636,0.20805862682130435,0.19327388033422568
autoUniv-au7-300-drift-au7-cpd1-800,0.20488516722973116,0.16389754185157904,0.22324362011892213
autoUniv-au7-300-drift-au7-cpd1-800,0.12084242745822503,0.18130719580661436,0.12284315890546052
autoUniv-au7-300-drift-au7-cpd1-800,0.15110412250666902,0.14671708509284073,0.15524858769432812
autoUniv-au7-300-drift-au7-cpd1-800,0.158426870125716,0.17326146519845936,0.15390777053588017
autoUniv-au7-700,0.10142122448130445,0.024264698921310272,0.13139748851781036
autoUniv-au7-700,0.13959500382340634,0.15006614617315428,0.1579345420584223
autoUniv-au7-700,-0.046050602214160886,0.04831934288445828,0.005943194113620877
autoUniv-au7-700,0.05694785357558134,0.14766449582044802,0.145405467832596
autoUniv-au7-700,0.14862260776938396,0.17414427611805391,0.18252648171236063
autoUniv-au7-cpd1-500,0.1356024525274204,0.14333622619175843,0.1610275236069909
autoUniv-au7-cpd1-500,0.17754929968978472,0.144634641853038,0.21582153404929744
autoUniv-au7-cpd1-500,0.20635061851902312,0.17078876310135999,0.20952830066932093
autoUniv-au7-cpd1-500,0.08018503978543426,0.07686513676181071,0.12436396920728664
autoUniv-au7-cpd1-500,0.19768283425269662,0.1480146588075244,0.1669318785241682
balance-scale,0.8130617636260438,0.7677464827166701,0.8130617636260438
balance-scale,0.7391797827288785,0.7688353091855241,0.7395794429496605
balance-scale,0.8029821524737342,0.7760972602329455,0.7749541345455013
balance-scale,0.7475677495053678,0.7217061699559345,0.7625627515462406
balance-scale,0.7553730199036733,0.6681927530958754,0.7553730199036733
balloons-adult+stretch,0.0,0.0,0.0
balloons-adult+stretch,1.0,1.0,1.0
balloons-adult+stretch,0.0,1.0,1.0
balloons-adult+stretch,1.0,1.0,1.0
balloons-adult+stretch,1.0,1.0,1.0
balloons-adult-stretch,0.0,1.0,0.5773502691896258
balloons-adult-stretch,1.0,1.0,1.0
balloons-adult-stretch,1.0,1.0,1.0
balloons-adult-stretch,1.0,1.0,1.0
balloons-adult-stretch,0.0,0.0,0.0
balloons-yellow-small,0.0,0.0,0.0
balloons-yellow-small,0.0,1.0,0.3333333333333333
balloons-yellow-small,1.0,1.0,1.0
balloons-yellow-small,1.0,1.0,1.0
balloons-yellow-small,1.0,1.0,1.0
balloons-yellow-small+adult-stretch,0.5773502691896258,0.5773502691896258,1.0
balloons-yellow-small+adult-stretch,0.5773502691896258,1.0,0.5773502691896258
balloons-yellow-small+adult-stretch,0.0,0.0,0.0
balloons-yellow-small+adult-stretch,0.5773502691896258,0.5773502691896258,0.5773502691896258
balloons-yellow-small+adult-stretch,0.5773502691896258,0.5773502691896258,0.5773502691896258
banana,0.7779005550184146,0.14130177086879206,0.7779005550184146
banana,0.792950400680962,-0.04593702494523558,0.792950400680962
banana,0.8007251163751798,0.06131557150787661,0.8007251163751798
banana,0.8324001282235318,0.02672901265136515,0.8324001282235318
banana,0.8024219412949013,0.1481908942365217,0.8024219412949013
bank-marketing,0.1659160024854404,0.35255333903605,0.19061634529613186
bank-marketing,0.1181824725749611,0.3633907909847197,0.12818085344870933
bank-marketing,0.10430432819494238,0.34258256216922156,0.08176078386858737
bank-marketing,0.09864285513666204,0.3343989430257117,0.08650727078262219
bank-marketing,0.14872339805844847,0.344813632994386,0.11012706788506123
bank-marketing-full,0.2929565844114948,0.4094516625970064,0.3092753995087279
bank-marketing-full,0.28099435310267895,0.39372566442036283,0.30475520169562054
bank-marketing-full,0.29718893562442245,0.4247552323082882,0.30491010412821784
bank-marketing-full,0.2831784236510419,0.4350130750644074,0.3035082076164677
bank-marketing-full,0.2815940448627217,0.4270214793137818,0.29690049869562546
banknote-authentication,1.0,0.9270267814695622,1.0
banknote-authentication,1.0,0.9497118022201335,1.0
banknote-authentication,1.0,0.935130793473365,1.0
banknote-authentication,0.9927475076989435,0.9345156376798085,0.9927475076989435
banknote-authentication,1.0,0.9561520012008657,1.0
blogger,0.4900980294098034,0.7637626158259734,0.4900980294098034
blogger,0.6875,-0.16666666666666666,0.6875
blogger,0.06804138174397717,-0.15309310892394865,0.2286647801900118
blogger,0.45425676257949793,0.2788995520575487,0.45425676257949793
blogger,0.030556616567607043,0.3361227822436775,0.030556616567607043
blood-transfusion-service,0.2063495578254007,0.31784807260745496,0.22451096955625652
blood-transfusion-service,0.3491789625031433,0.20686418924693753,0.3508519553719527
blood-transfusion-service,0.2477493512535077,0.19957280122100235,0.25643183000322867
blood-transfusion-service,0.24010575977235502,0.19957280122100235,0.21459876881973802
blood-transfusion-service,0.36699370300757195,0.19326821501817118,0.3830417654331271
breast-cancer-wisconsin,0.9188070682381909,0.9010865487076032,0.9188070682381909
breast-cancer-wisconsin,0.9005681818181818,0.9005681818181818,0.9005681818181818
breast-cancer-wisconsin,0.9187263942028611,0.9017543859649123,0.9187263942028611
breast-cancer-wisconsin,0.9420794460638066,0.912906448397597,0.9144596197679679
breast-cancer-wisconsin,0.8934918413428732,0.9242262044357484,0.9239209315668401
breast-tissue-4class,0.2537729606626881,0.5472109496889792,0.4045449364913271
breast-tissue-4class,0.6172648454311578,0.7015075001852437,0.541578329158556
breast-tissue-4class,0.09889610266211954,0.3283197317703045,0.26625509103110107
breast-tissue-4class,0.08254128096330382,0.21908902300206642,0.10145993123917847
breast-tissue-4class,0.41026894921139584,0.33268257990999667,0.41026894921139584
breast-tissue-6class,0.3790876982878728,0.31386862460831205,0.35584815157134675
breast-tissue-6class,0.3237849580779453,0.2925904464927091,0.3071826758871148
breast-tissue-6class,0.2813899267935701,0.3860355074940647,0.27621573712949554
breast-tissue-6class,0.27796849374791294,0.2843523440130159,0.2927814866515404
breast-tissue-6class,0.31136169646990675,0.2302133044773003,0.3570318633013437
bupa,0.11190335723100832,0.2659080117391552,0.11190335723100832
bupa,0.2295655645606626,0.22360679774997896,0.2295655645606626
bupa,0.21819897269486646,0.06798418006783488,0.21819897269486646
bupa,0.12285730629554265,0.06306252289920773,0.12285730629554265
bupa,0.15853658536585366,0.22438456287309322,0.15853658536585366
car-evaluation,0.8438719681904269,0.8033086227426891,0.8367569214348067
car-evaluation,0.8657465677038305,0.8376045227460409,0.8657465677038305
car-evaluation,0.8167246926872777,0.8046242729641557,0.8167246926872777
car-evaluation,0.8041924449916273,0.847599119701196,0.8033729133783782
car-evaluation,0.7709596749264955,0.8081436217213847,0.7770170350981395
cardiotocography-10class,1.0,1.0,1.0
cardiotocography-10class,1.0,1.0,1.0
cardiotocography-10class,1.0,1.0,1.0
cardiotocography-10class,1.0,1.0,1.0
cardiotocography-10class,1.0,1.0,1.0
cardiotocography-3class,0.9503098880952061,0.9689850327832347,0.9503098880952061
cardiotocography-3class,0.9565425069075537,0.9565425069075537,0.9565425069075537
cardiotocography-3class,0.9572199880176668,0.963345267303022,0.9572199880176668
cardiotocography-3class,0.9797119293143262,0.9727908536390637,0.9797119293143262
cardiotocography-3class,0.956617510972039,0.9503964721348431,0.956617510972039
climate-simulation-craches,0.0,-0.035761685922639515,0.0
climate-simulation-craches,0.0,-0.027343437080986528,0.0
climate-simulation-craches,0.0,0.0,0.0
climate-simulation-craches,0.0,0.0,0.0
climate-simulation-craches,0.2505001672222419,0.0,0.2505001672222419
cnae-9,0.8296793179477522,0.9530872548072278,0.8555124497494545
cnae-9,0.7654102343707213,0.9531163776626954,0.7939260724944646
cnae-9,0.7240847935807708,0.9223540819732834,0.7466459288197383
cnae-9,0.8247576424104459,0.948436743894667,0.835694134785188
cnae-9,0.8284305634778034,0.94820046376995,0.8184444864940846
colon32,0.6388888888888888,0.6388888888888888,0.8432740427115678
colon32,0.5006939628599933,0.5006939628599933,0.5006939628599933
colon32,0.8215838362577492,0.8215838362577492,0.8215838362577492
colon32,0.38575837490522974,0.5367450401216932,0.5367450401216932
colon32,0.7319250547113999,0.7319250547113999,0.7319250547113999
connectionist-mines-vs-rocks,0.43973155946962994,0.3876875590429165,0.5545781024517099
connectionist-mines-vs-rocks,0.37924777785156183,0.397747669454077,0.6227272727272727
connectionist-mines-vs-rocks,0.5027384960626559,0.5675811742544576,0.7645928215163355
connectionist-mines-vs-rocks,0.4902903378454601,0.5883484054145521,0.5773502691896257
connectionist-mines-vs-rocks,0.6192921178835779,0.48346919127704885,0.665910395532539
connectionist-vowel,0.6282483497197746,0.4612565821982071,0.7011291414572942
connectionist-vowel,0.6477530906935924,0.5048758766678025,0.7462691349696234
connectionist-vowel,0.693483954649454,0.47989431253041753,0.7682667835217071
connectionist-vowel,0.7231462833121366,0.5142940591442117,0.8064081104062775
connectionist-vowel,0.6344174110931167,0.4773700710284345,0.7120725958849903
connectionist-vowel-reduced,0.6588378202075242,0.43308524738003573,0.7117064154545352
connectionist-vowel-reduced,0.6249436873404279,0.42246129338850646,0.7265540960087241
connectionist-vowel-reduced,0.7304445820857691,0.4189542644082736,0.7411122144985104
connectionist-vowel-reduced,0.7062022163392512,0.3577295994737523,0.7339441350303683
connectionist-vowel-reduced,0.8136684770649008,0.4501940414538948,0.8342728202500402
contraceptive-method-choice,0.19376095318470443,0.1852953176002907,0.17371784911135216
contraceptive-method-choice,0.176835469169938,0.2733182526107295,0.1818114740215398
contraceptive-method-choice,0.2917537770893907,0.29604542936726763,0.26380864892799366
contraceptive-method-choice,0.11376091418111683,0.21341285019193568,0.141464914588337
contraceptive-method-choice,0.1514382381096681,0.18963993428990375,0.1455193647930396
dbworld-subjects,0.5270462766947299,0.7200822998230956,0.5006939628599933
dbworld-subjects,0.8539125638299666,0.8539125638299666,0.8539125638299666
dbworld-subjects,0.8215838362577492,0.6928203230275508,0.8215838362577492
dbworld-subjects,0.7319250547113999,0.7319250547113999,0.7319250547113999
dbworld-subjects,0.5916079783099616,0.8571428571428571,0.5916079783099616
dbworld-subjects-stemmed,0.4444444444444444,0.7200822998230956,0.8432740427115678
dbworld-subjects-stemmed,0.8539125638299666,0.8539125638299666,0.8539125638299666
dbworld-subjects-stemmed,0.6928203230275508,0.8215838362577492,1.0
dbworld-subjects-stemmed,0.5367450401216932,0.7319250547113999,0.7319250547113999
dbworld-subjects-stemmed,1.0,0.8571428571428571,1.0
dermatology,0.983499497848207,1.0,0.983499497848207
dermatology,0.9128844425394926,0.9647932141897285,0.9128844425394926
dermatology,0.9322010965896808,0.9827260920695053,0.9322010965896808
dermatology,0.9310023062214409,0.9301227573182247,0.9310023062214409
dermatology,0.9655813953488372,0.9655813953488372,0.9655813953488372
dresses-sales,0.1292753395174031,0.15522134824440165,0.1292753395174031
dresses-sales,-0.030450098920009556,-0.05810379255831446,-0.030450098920009556
dresses-sales,0.07935567130882515,0.23875114908478096,0.07935567130882515
dresses-sales,0.027461751819054487,0.11381490716905673,0.027461751819054487
dresses-sales,0.06511096528432632,0.14981289669974748,0.06511096528432632
ecoli,0.781934559237266,0.720587890787024,0.7833639461452108
ecoli,0.9591740865653146,0.8333765253031113,0.9591740865653146
ecoli,0.7232841608730785,0.6691137756025853,0.7630326761259943
ecoli,0.8260300491321316,0.7137264595544595,0.8260300491321316
ecoli,0.7844571687186044,0.7614299695991471,0.7881331233618728
eeg-eye-state,0.6715002573772014,0.19188743931973004,0.6969925876496106
eeg-eye-state,0.6099942464706355,0.020368188313607843,0.6315677345831507
eeg-eye-state,0.748065562712095,0.012110901438605944,0.7659476402384001
eeg-eye-state,0.69422556367283,0.04100548075246391,0.7245392930003358
eeg-eye-state,0.7588704455125616,0.05130026013361237,0.782329471332072
energy-efficiency-y1,0.369972310810843,0.2709541992592326,0.3701598690851157
energy-efficiency-y1,0.35067349535940423,0.15094685554867565,0.34374060404478446
energy-efficiency-y1,0.38281830201531425,0.27458236551710974,0.4031740764301271
energy-efficiency-y1,0.3313489629187726,0.2575184782541676,0.3574921064752798
energy-efficiency-y1,0.3377577146777511,0.26773446335698897,0.3802956770229477
energy-efficiency-y2,0.3127788013503715,0.3347774735970239,0.3410009466122714
energy-efficiency-y2,0.37547471933430526,0.27893953060103654,0.36823548918962357
energy-efficiency-y2,0.36457690468537335,0.07357939937256289,0.35816356617668627
energy-efficiency-y2,0.35244516173283624,0.28452276590195974,0.3590216661758459
energy-efficiency-y2,0.3125650831122171,0.012725287426005028,0.298949295320867
fertility-diagnosis,0.0,0.0,0.0
fertility-diagnosis,0.0,0.0,0.0
fertility-diagnosis,0.0,0.0,0.0
fertility-diagnosis,0.0,0.0,0.0
fertility-diagnosis,-0.05263157894736842,0.0,-0.05263157894736842
first-order-theorem,0.3826304196202082,0.224341511591965,0.38106085216564695
first-order-theorem,0.3476841722192453,0.20818072764239764,0.3540040069829361
first-order-theorem,0.3818123057930218,0.2550597726374889,0.3951322246579296
first-order-theorem,0.3947322262822327,0.24117594118589172,0.3972146455988881
first-order-theorem,0.3678412788166291,0.2174128216660057,0.37710700735664343
flags-colour,0.47688364561218555,0.49949569650841125,0.5047351618564015
flags-colour,0.39964062813028406,0.3880463720491079,0.4514178867364567
flags-colour,0.5843982509926665,0.6707906362083861,0.5817532547482067
flags-colour,0.442939211093979,0.3772892216421172,0.40466427029427726
flags-colour,0.40805994060817985,0.4799279686636227,0.4174367047266601
flags-religion,0.3399789953155662,0.39161239455751856,0.3668264788885638
flags-religion,0.3133306939999743,0.24251718997534985,0.2743438748086317
flags-religion,0.36027201994424013,0.34438094336596764,0.371401427772341
flags-religion,0.1526925034938136,0.2620027516491803,0.23461768031913188
flags-religion,0.21190021802833492,0.3426005805032661,0.29107240043698135
flare,0.6928211775907955,0.6832528640895609,0.6879611525792108
flare,0.6166456545145405,0.6368646062667986,0.6114615540289979
flare,0.6977724609797489,0.7064791442005257,0.6928162292691997
flare,0.6427555176116561,0.6126285504288959,0.6246983334224463
flare,0.7137789417809549,0.709415837210877,0.6997405559613622
gas-drift,0.9778283790057821,0.9570417292966215,0.9847858537242576
gas-drift,0.9830255256158239,0.9470074714393499,0.9860803612077341
gas-drift,0.9755776956005534,0.941494226524997,0.9760148950507582
gas-drift,0.9843540497943188,0.9531581746365606,0.9847881481853988
gas-drift,0.9781939690627249,0.9474669023916821,0.9790668733533432
gas-drift-different-concentrations,0.9808627954945852,0.9691631353967294,0.9860825338283039
gas-drift-different-concentrations,0.9838942238768874,0.963892281441271,0.9878233211217068
gas-drift-different-concentrations,0.9786240742997746,0.9555952281507532,0.9794969462364166
gas-drift-different-concentrations,0.9852188897597413,0.9618056696918317,0.986088739786932
gas-drift-different-concentrations,0.9812454664803192,0.9651368832094385,0.9821224636726861
glass,0.37865376475620616,0.3110050771986933,0.4430646857528454
glass,0.5183675388188698,0.40406205664363837,0.617901334976883
glass,0.6032193033265646,0.3392533922087179,0.6000096675295705
glass,0.5139093675066319,0.2950247399322848,0.5180107439335107
glass,0.616063375251511,0.38937356320880967,0.5885992046914084
glioma16,0.6546536707079772,0.6546536707079772,0.6546536707079772
glioma16,0.6666666666666666,0.816496580927726,0.6666666666666666
glioma16,0.6546536707079772,0.6,0.816496580927726
glioma16,0.8017837257372732,0.5345224838248488,0.8017837257372732
glioma16,0.6546536707079772,0.6,0.6546536707079772
habermans-survival,0.2328331936842657,0.11155268706329005,0.16695677422593644
habermans-survival,0.12131004404043509,0.0,0.10865714630312669
habermans-survival,0.013148382900281702,0.07664954663124897,0.02402818910644462
habermans-survival,0.20370138161918103,0.1416176385749867,0.14580076006393153
habermans-survival,-0.00362190487677089,0.08433738561749833,0.009349469900084572
har,0.9550495356713141,0.9825010288279223,0.9614897453749975
har,0.9403755085668309,0.978367774888551,0.9491905358050342
har,0.9561461455502829,0.9748562771910285,0.9626162935003495
har,0.9422364405978214,0.9748963864504802,0.9527734987710039
har,0.9403998398502641,0.9719786721387694,0.9515241713007866
hayes-roth,-0.10719681886695002,0.2931013632126808,-0.04328502534528188
hayes-roth,0.14357202082050757,0.15549961568623685,0.1419025787179435
hayes-roth,-0.06469138997106466,0.1710021319780084,-0.06469138997106466
hayes-roth,-0.04230074878275664,0.020493925785100158,0.01356477865858308
hayes-roth,0.08111997644276225,0.5390921014689922,0.09295325282593965
heart-disease-processed-cleveland,0.3912984876849392,0.33341079476260693,0.3004653519693107
heart-disease-processed-cleveland,0.283601208254847,0.23544456948807113,0.3132995607816778
heart-disease-processed-cleveland,0.24974581105883498,0.3295210110047334,0.202943588264143
heart-disease-processed-cleveland,0.16968620007537258,0.2296274850817287,0.2070655890354539
heart-disease-processed-cleveland,0.33373280583777276,0.39045777400095255,0.3144744791703727
heart-disease-processed-hungarian,0.49104295983732127,0.6022584358768159,0.45047379219713274
heart-disease-processed-hungarian,0.7626009990079631,0.7121250124392103,0.7626009990079631
heart-disease-processed-hungarian,0.49037422728634183,0.443717368159232,0.46307921124762697
heart-disease-processed-hungarian,0.5722262936946071,0.5661690077838344,0.6002846929687017
heart-disease-processed-hungarian,0.5822266108537125,0.5674844334674983,0.5894227446121648
heart-disease-processed-switzerland,0.07363822297775027,-0.07960593093742382,0.11604973647283448
heart-disease-processed-switzerland,-0.03537775206867278,-0.13095386569850426,0.002347521328355198
heart-disease-processed-switzerland,0.05155986946151909,0.05142427602821245,0.14969481148445277
heart-disease-processed-switzerland,0.008112494426042203,0.06960635445233372,0.01745771624514485
heart-disease-processed-switzerland,0.2131640258940973,0.05876937268203294,0.2481661294700283
heart-disease-processed-va,0.10827049453164615,0.27556887423223303,0.08470807214774113
heart-disease-processed-va,0.1461019494490589,0.14258066634106817,0.10833348379660976
heart-disease-processed-va,0.29633063982766206,0.22193253514568098,0.29832606916324933
heart-disease-processed-va,0.11079456866594255,0.17742278316360655,0.14820338759414453
heart-disease-processed-va,-0.09898703881797072,0.02645363206119043,-0.10672268907563025
heart-disease-reprocessed-hungarian,0.2718905193419366,0.2503642247389974,0.28529870107872785
heart-disease-reprocessed-hungarian,0.3307718282287778,0.3122342259678536,0.3307718282287778
heart-disease-reprocessed-hungarian,0.3433276640942797,0.3926810426276731,0.44138404278318566
heart-disease-reprocessed-hungarian,0.3007680091405325,0.29603716643594796,0.3124941013386513
heart-disease-reprocessed-hungarian,0.28083249812057687,0.3269057044192274,0.3234523269571786
hepatitis,0.4924054147377875,0.4061811972299616,0.4924054147377875
hepatitis,0.09283444198266944,-0.14814814814814814,0.09283444198266944
hepatitis,0.358167659413283,0.0,0.358167659413283
hepatitis,0.32126980205784317,0.5630819970516965,0.32126980205784317
hepatitis,0.6731479815970669,0.6681531047810609,0.6731479815970669
hill-valley-with-noise,-0.038548176402379196,0.4198706656488196,0.012946519619669389
hill-valley-with-noise,-0.08336859733514966,0.23984372177376911,-0.07628877523542871
hill-valley-with-noise,0.0006176747693184136,0.24117595869655467,0.03729254518826912
hill-valley-with-noise,-0.025687671601379043,0.36314593291649505,0.02171259591971787
hill-valley-with-noise,0.03048698021865907,0.16855693074626155,0.020561566008045852
hill-valley-without-noise,0.035253446561937365,0.28726669963638224,0.07209288548533432
hill-valley-without-noise,-0.028277392568160507,0.22308075135143154,0.058427546480540715
hill-valley-without-noise,0.0889640177003387,0.21492233368833782,0.21969800557722025
hill-valley-without-noise,0.09554144082570747,0.24734397259763993,0.12763362945080547
hill-valley-without-noise,0.07771602580297884,0.10042500478818,0.08144610362333253
horse-colic-surgical,0.4000526035085892,0.5433239299507642,0.4497681421231907
horse-colic-surgical,0.61295205952238,0.635850784457874,0.55
horse-colic-surgical,0.7347071583103029,0.6272303234501363,0.7023477274561407
horse-colic-surgical,0.5147734916075589,0.44298119496145877,0.5147734916075589
horse-colic-surgical,0.4246961132308309,0.4887364537748325,0.5707481124892302
indian-liver-patient,0.2991838102844274,0.0,0.2991838102844274
indian-liver-patient,0.13310871701625052,-0.05942530476738957,0.13310871701625052
indian-liver-patient,0.19360696213864648,0.21880553799217126,0.19360696213864648
indian-liver-patient,0.1546773819978183,0.04134332503802193,0.1546773819978183
indian-liver-patient,-0.09677978856435156,0.05494837278298225,-0.09677978856435156
ionosphere,0.6579657488017913,0.7910900403306873,0.6579657488017913
ionosphere,0.5105154024339953,0.5917857916107075,0.5105154024339953
ionosphere,0.6482747520863481,0.7298984587081188,0.6482747520863481
ionosphere,0.5785187395861547,0.6322798538734977,0.5785187395861547
ionosphere,0.6080873769774857,0.7799204203436177,0.6080873769774857
iris,0.9026362979885663,0.8599093384798914,0.9026362979885663
iris,0.9460601857534741,0.9477522503004835,0.9460601857534741
iris,0.9060453698477576,0.7500042228184216,0.9060453698477576
iris,1.0,0.9,1.0
iris,0.9512725958728562,0.8986486486486487,0.9512725958728562
kr-vs-k,0.44519024755399783,0.24758854839779104,0.4654697797679097
kr-vs-k,0.4359461606473589,0.23078379142193303,0.4587677281620285
kr-vs-k,0.4441343290278208,0.2433436254959626,0.46435819681652696
kr-vs-k,0.4319149161764013,0.25932977698206705,0.4468073072537084
kr-vs-k,0.4307167618401889,0.24892408971414037,0.4548555676724208
kr-vs-kp,0.8980605986600173,0.9344916351131403,0.9191549493711626
kr-vs-kp,0.9038819850350353,0.9223526309053841,0.9218195543871494
kr-vs-kp,0.8554305083668235,0.9344890803374009,0.904118840858275
kr-vs-kp,0.8538189808703346,0.9124913335314196,0.8823809669266931
kr-vs-kp,0.8732920129639222,0.9277780818853215,0.9033577394785312
leaf,0.6539951658001798,0.4621705630981102,0.6528930930820567
leaf,0.46082810358899895,0.3884344705193979,0.5085295245480872
leaf,0.5916554402481484,0.37082073334468396,0.544592207070917
leaf,0.5014744787139236,0.38857042099265804,0.5317063885484506
leaf,0.5620212633172751,0.45136527852252845,0.5939980657270135
led7digit,0.676117935781264,0.6771436284686564,0.6660347193324846
led7digit,0.6013719346631785,0.6093946256208822,0.6013719346631785
led7digit,0.733618056093079,0.7103563481902948,0.733618056093079
led7digit,0.5974791979469669,0.7117181914433929,0.6170674502158238
led7digit,0.6667066201284529,0.7344196550778227,0.6676088837660628
lenses,0.0,0.0,0.0
lenses,0.6614378277661476,0.0,0.6614378277661476
lenses,0.0,0.0,0.0
lenses,-0.2834733547569204,0.0,0.0
lenses,1.0,1.0,1.0
letter,0.9352783268810593,0.7399490776328064,0.9448918184116051
letter,0.9425475846987145,0.7345938153167287,0.9451493674190747
letter,0.9456684314638786,0.7464237565813256,0.9498326741543038
letter,0.9407481092095107,0.7459244644548092,0.9462090505755106
letter,0.9376361658097201,0.7358213935323504,0.9394484953492123
leukemia-haslinger,0.38981938376529196,0.4923659639173309,0.38981938376529196
leukemia-haslinger,0.6975184488828855,0.6005325641789633,0.6975184488828855
leukemia-haslinger,0.898717034272917,0.90267093384844,0.898717034272917
leukemia-haslinger,0.7385489458759964,1.0,0.7385489458759964
leukemia-haslinger,0.8181818181818182,0.8181818181818182,0.8181818181818182
lsvt-voice-rehabilitation,0.4583333333333333,0.6719840027857806,0.4583333333333333
lsvt-voice-rehabilitation,0.6860232117781695,0.8300653594771242,0.6860232117781695
lsvt-voice-rehabilitation,0.42600643361512924,0.42600643361512924,0.42600643361512924
lsvt-voice-rehabilitation,0.7859052479933757,0.8539125638299666,0.7859052479933757
lsvt-voice-rehabilitation,0.45647498109908324,0.6953288019758299,0.45647498109908324
lung-cancer,0.2175970699446223,-0.39167472590032015,0.0778498944161523
lung-cancer,0.6681531047810609,0.2004459314343183,0.5051814855409226
lung-cancer,-0.3380617018914066,0.07715167498104596,-0.3380617018914066
lung-cancer,0.5237849266164972,0.45454545454545453,0.6227991553292184
lung-cancer,0.5533985905294664,0.4008918628686366,0.2004459314343183
lymphography,0.40741085719133335,0.6110982361292899,0.4118270721740867
lymphography,0.467837146163854,0.44565200198606686,0.467837146163854
lymphography,0.6590820436573076,0.6054055145966812,0.6590820436573076
lymphography,0.7305170766586324,0.8642533936651584,0.7305170766586324
lymphography,0.524150396114833,0.6520471591873448,0.524150396114833
madelon,0.17753494000633324,0.08213694530707948,0.16293191546083324
madelon,0.19561241244189026,0.14292504175104193,0.18111452808604833
madelon,0.2080303809575175,0.10057280030752959,0.24866642229507263
madelon,0.13969182410252756,0.05188425931983643,0.1551713013553997
madelon,0.24367803088634596,0.08643845843073567,0.23459145663459544
magic,0.6303776993769491,0.516548449385711,0.6442887922192455
magic,0.6392172480866133,0.5326784635302827,0.6343005630590316
magic,0.6352197752588441,0.5097743469404278,0.6331169085839017
magic,0.6376780075135405,0.5497646206042934,0.6426308766484514
magic,0.6322884779815598,0.5200148016772623,0.6399873787098884
mammographic-mass,0.5990681251311115,0.6438233766012296,0.6240018306748956
mammographic-mass,0.6634714400178939,0.6471364614045444,0.6763491941180895
mammographic-mass,0.5186510518325743,0.46611014435393877,0.5419397275189634
mammographic-mass,0.642382838581225,0.6333636608739491,0.6253255137414054
mammographic-mass,0.586789024539028,0.6581015875302448,0.5738634919523744
meta-data,-0.05557104628593376,-0.030067266945723477,-0.04379156554558262
meta-data,-0.029046070378645795,-0.024528451837545068,-0.041172832935266516
meta-data,-0.06401694594561415,-0.027437120108378593,-0.04052553446119429
meta-data,-0.03936150292406577,-0.02066382121881167,-0.03842202636349519
meta-data,-0.05148286250255809,-0.03335268456161102,-0.04475670812344587
mfeat-fourier,0.7229988924776041,0.7359457571710115,0.731345723420127
mfeat-fourier,0.7703714805262342,0.7859161996932544,0.7892221652395671
mfeat-fourier,0.7724279090989966,0.8056021996092985,0.7779210243877763
mfeat-fourier,0.7875079794458866,0.7680074116553657,0.7902979466030604
mfeat-fourier,0.7957997581532148,0.8116530159826062,0.8065393817988709
molecular-promotor-gene,0.42761798705987897,0.9128709291752768,0.42761798705987897
molecular-promotor-gene,0.821020142307163,0.725796546409961,0.821020142307163
molecular-promotor-gene,0.6900655593423543,0.725796546409961,0.6900655593423543
molecular-promotor-gene,0.6123724356957945,0.8181818181818182,0.6123724356957945
molecular-promotor-gene,0.5002975305232068,0.4485426135725303,0.5002975305232068
molecular-splice-junction,0.7516132580265427,0.9415483557923171,0.7704848850107705
molecular-splice-junction,0.7475388542447127,0.8977082973041187,0.7722076874634315
molecular-splice-junction,0.7695649038356389,0.9345175257569271,0.8031966395585685
molecular-splice-junction,0.785827545399702,0.92020261117001,0.8025476542269985
molecular-splice-junction,0.7396666227709522,0.9073378773552709,0.7646941372743102
monks1,0.5356120627722273,0.19645989725150062,0.5356120627722273
monks1,0.5076923076923077,0.30094464227147394,0.5076923076923077
monks1,0.5731600013245495,0.39293413341370714,0.5731600013245495
monks1,0.5593496325544803,0.43039591315453385,0.5593496325544803
monks1,0.6248604513609611,0.375937493208995,0.6248604513609611
monks2,-0.0026888023778151478,-0.1701858715110189,-0.0026888023778151478
monks2,-0.019950550034542134,0.0,-0.019950550034542134
monks2,-0.0038575837490522976,-0.12053151055354616,-0.0038575837490522976
monks2,0.04213648726645939,-0.06777917891223745,0.04213648726645939
monks2,-0.222717701593687,0.0,-0.222717701593687
monks3,0.7856719205190748,0.47787989533454645,0.7856719205190748
monks3,0.9282710842133746,0.5677610758303583,0.9282710842133746
monks3,0.7545289207920423,0.47703039919716667,0.7545289207920423
monks3,0.8612833806762304,0.5437340439493077,0.8612833806762304
monks3,0.76320019949401,0.6156400449725664,0.76320019949401
movement-libras,0.6500512605220751,0.7013986976735092,0.6964164611655761
movement-libras,0.6347799341628035,0.675023432830956,0.7049241271570956
movement-libras,0.532096406511147,0.7050370681677481,0.5894036172114403
movement-libras,0.7950823488911575,0.6728369384359401,0.8095178386877414
movement-libras,0.5625352515192619,0.5865634946215096,0.6182359895461913
movement-libras-1,0.08696565534786727,0.5714285714285714,0.5652767597611372
movement-libras-1,0.06063390625908324,0.7826908981308054,0.318328007860187
movement-libras-1,-0.01538643637241659,0.6060606060606061,0.21212121212121213
movement-libras-1,-0.01494035761667992,0.13847792735174932,0.10458250331675945
movement-libras-1,0.23539595453459985,0.5590653920196746,0.23539595453459985
movement-libras-10,0.5949795687275766,0.6908713600026367,0.694456969820858
movement-libras-10,0.5908830449459936,0.5543934732677713,0.6635377849275639
movement-libras-10,0.6448835097324195,0.6663150213866182,0.682913342680289
movement-libras-10,0.6739168169288027,0.7420798130051903,0.7870291319777073
movement-libras-10,0.6749986056402878,0.6745921265722652,0.7884189255066069
movement-libras-9,0.22068370737618737,0.34285714285714286,0.44136741475237473
movement-libras-9,0.07352941176470588,0.3088235294117647,0.07463517925331652
movement-libras-9,0.0,0.10770505460691614,0.0
movement-libras-9,0.0,0.19706019534202054,0.0
movement-libras-9,0.14712247158412492,0.4493225526306475,0.20597146021777488
multiple-features,0.9586226190237942,0.9668673187196047,0.9612679982562041
multiple-features,0.975138123907646,0.9778363823452413,0.9778917596610306
multiple-features,0.975051872134443,0.9722444633072121,0.9778070278658405
multiple-features,0.9777431221050528,0.969455606594608,0.9805289844300283
multiple-features,0.9723269776960433,0.9722477270706235,0.9750422638651169
mushroom,0.9975365220011604,1.0,0.9975365220011604
mushroom,1.0,1.0,1.0
mushroom,0.9975410772496521,0.998769801464812,0.9975410772496521
mushroom,1.0,1.0,1.0
mushroom,1.0,1.0,1.0
mushroom-expanded,0.9988056106484007,1.0,0.9988056106484007
mushroom-expanded,0.9964217756774713,0.9988060543794557,0.9964217756774713
mushroom-expanded,1.0,1.0,1.0
mushroom-expanded,0.9976226844398034,1.0,0.9976226844398034
mushroom-expanded,0.9988121316343925,1.0,0.9988121316343925
musk,0.9566057922649549,0.9971109591631686,0.9566057922649549
musk,0.9678250849160428,0.9913577764105702,0.9678250849160428
musk,0.9544071755640516,0.9914593235661805,0.9544071755640516
musk,0.9451983469700571,0.993617573321207,0.9451983469700571
musk,0.9521354707115923,0.9941002434954168,0.9521354707115923
nomao,0.8715727309210397,0.8778354532220006,0.8715727309210397
nomao,0.8662665276076487,0.8748116840778517,0.8662665276076487
nomao,0.8646590498186967,0.8691525253729043,0.8646590498186967
nomao,0.8769916728829542,0.8850805385137588,0.8769916728829542
nomao,0.8735643247505778,0.8724651446334376,0.8735643247505778
nursery,0.9751808312033516,0.8828144333834231,0.9763024388436549
nursery,0.9649548094621948,0.8899414208873031,0.9655171934784108
nursery,0.9716679649096714,0.8902460816071962,0.9722187170190898
nursery,0.967241185505591,0.8908386309039487,0.9678045097954923
nursery,0.9666929903750723,0.8810186086951247,0.9672563495404877
nursery-4class,0.9623664539894586,0.8870273838355097,0.9629238533544361
nursery-4class,0.9778706034524495,0.8937813708723712,0.9772983445591739
nursery-4class,0.9688716730275126,0.8838597047617165,0.9694384263716525
nursery-4class,0.9654879261123663,0.8917117741703969,0.965492257143678
nursery-4class,0.9700439121842921,0.8942472178019607,0.9694750305097336
optdigits,0.9831927602940594,0.9673724444849369,0.9851724684624468
optdigits,0.9832194249262245,0.9624554475202927,0.9842047845538723
optdigits,0.9861608053783555,0.9624484207289628,0.9871508443904675
optdigits,0.973377906976913,0.959482468945635,0.973377906976913
optdigits,0.9842062225578703,0.9703652859559015,0.9842170564941565
ozone-eighthr,0.14163670161303873,0.31982481009395847,0.14163670161303873
ozone-eighthr,0.1986443690909336,0.31335664614297953,0.1986443690909336
ozone-eighthr,0.23858821055474616,0.3457120153463228,0.23858821055474616
ozone-eighthr,0.25650157036025323,0.23860777466999578,0.25650157036025323
ozone-eighthr,0.22646247927926708,0.4018775439209754,0.22646247927926708
ozone-onehr,0.24627400913203265,0.16864526562518667,0.24627400913203265
ozone-onehr,0.0,0.29852305135941387,0.0
ozone-onehr,0.0,0.24627400913203265,0.0
ozone-onehr,0.0,0.0,0.0
ozone-onehr,0.27404819353631743,0.0,0.27404819353631743
page-blocks,0.6790993162985125,0.5873561673752704,0.6790993162985125
page-blocks,0.7245885004293897,0.577187922933581,0.7299267126612514
page-blocks,0.765764580486528,0.5987225933664492,0.765764580486528
page-blocks,0.732911932769287,0.5844371740975939,0.732911932769287
page-blocks,0.7056170623957894,0.6088357910247552,0.7056170623957894
parkinsons,0.940174755792013,0.6758915427189726,0.940174755792013
parkinsons,0.5756983337031395,0.7261354744623948,0.5756983337031395
parkinsons,0.7692307692307693,0.5163977794943222,0.8864052604279182
parkinsons,0.842741935483871,0.4873773249664941,0.842741935483871
parkinsons,0.7184212081070995,0.6454972243679028,0.7184212081070995
pendigits,0.9878740466017407,0.9348381518382477,0.9883792145305553
pendigits,0.9878881379634302,0.930835166871613,0.9883931159090346
pendigits,0.9888824683015798,0.9408849652622803,0.9909032588642497
pendigits,0.9909157987785444,0.9292921262361744,0.9914210975349201
pendigits,0.9838300184416663,0.9257619837779735,0.9843361460401734
phoneme,0.650702710672326,0.3492900122328828,0.650702710672326
phoneme,0.6271949380355156,0.319132442372705,0.6271949380355156
phoneme,0.6111960945060925,0.35851060509150745,0.6111960945060925
phoneme,0.6748294486128823,0.3701782141415065,0.6748294486128823
phoneme,0.6594161255049541,0.3658457830017772,0.6594161255049541
pima-indians-diabetes,0.3207750616591331,0.4291069903773491,0.39913845643885687
pima-indians-diabetes,0.1923844372667305,0.2548200182284412,0.23593703472527408
pima-indians-diabetes,0.4061043211037982,0.448655203191826,0.38998400693122515
pima-indians-diabetes,0.36240057268742704,0.4682039349155805,0.3276259284693684
pima-indians-diabetes,0.38540813626059944,0.41934654792661347,0.4122962618641719
planning-relax,-0.13762047064079508,0.0,-0.13762047064079508
planning-relax,-0.0944911182523068,0.0,-0.1355261854357877
planning-relax,-0.10840727259799848,0.0,0.10601302391103293
planning-relax,-0.10143010324169742,0.0,-0.10143010324169742
planning-relax,-0.10840727259799848,0.0,-0.10840727259799848
plant-species-leaves-margin,0.7228689483255447,0.7359507260227056,0.7512857241465617
plant-species-leaves-margin,0.7573660151790303,0.7022271786697404,0.7605324912439563
plant-species-leaves-margin,0.7164315039414553,0.7263486859656922,0.7510505613920031
plant-species-leaves-margin,0.7731246464500083,0.7736520552820452,0.7858315281929459
plant-species-leaves-margin,0.7384937047953757,0.7143479211990351,0.7667296776201391
plant-species-leaves-shape,0.5031570756436543,0.28241211111779124,0.5408532065017307
plant-species-leaves-shape,0.49966889345541937,0.2825028820446212,0.5342347184638904
plant-species-leaves-shape,0.49024782867744965,0.30122218154093877,0.5247661362066377
plant-species-leaves-shape,0.4688689908018938,0.301456231168391,0.513054914856273
plant-species-leaves-shape,0.5184412534690829,0.3059192833508825,0.5339379360017718
plant-species-leaves-texture,0.6946114891596772,0.6669470187127314,0.7324885559770201
plant-species-leaves-texture,0.7448209457472312,0.682416621325,0.7795133788142119
plant-species-leaves-texture,0.6730274616098768,0.6666930521955279,0.6946159374609149
plant-species-leaves-texture,0.6787689779329349,0.6255640950840894,0.6945739151071081
plant-species-leaves-texture,0.7417604208347772,0.676618527500848,0.7543150879124627
post-operative-patient,0.0,-0.17304133212112568,0.0
post-operative-patient,0.0,-0.21693045781865616,0.0
post-operative-patient,0.0,0.0,0.0
post-operative-patient,0.27302675793348047,0.05685735326841775,0.27302675793348047
post-operative-patient,0.0,-0.15811388300841897,0.0
qsar-biodegradation,0.6351259407083897,0.5353390568649703,0.6437551380503183
qsar-biodegradation,0.8436616349038479,0.7379138919044198,0.8336947037884007
qsar-biodegradation,0.6624044369395993,0.5970518794921607,0.7107833222775026
qsar-biodegradation,0.6096604775578015,0.5543230998481784,0.6325769387903726
qsar-biodegradation,0.7326510721247563,0.6580387430382068,0.736299863018983
qualitative-bankruptcy,1.0,1.0,1.0
qualitative-bankruptcy,1.0,1.0,1.0
qualitative-bankruptcy,1.0,1.0,1.0
qualitative-bankruptcy,1.0,0.9600156738532383,1.0
qualitative-bankruptcy,1.0,0.9600156738532383,1.0
ringnorm,0.3679081524330405,0.5111725225453286,0.3679081524330405
ringnorm,0.39040085922926104,0.5294347148684974,0.39040085922926104
ringnorm,0.36249477403586355,0.5043900234264285,0.36249477403586355
ringnorm,0.3852354377322354,0.5060631846915011,0.3852354377322354
ringnorm,0.4004159784806745,0.5339430504785561,0.4004159784806745
robot-failure-lp1,0.44248489269002134,0.22330097087378642,0.44248489269002134
robot-failure-lp1,0.6256495096046201,0.642529405317179,0.6256495096046201
robot-failure-lp1,0.29175581826225594,0.4969146088646176,0.3669847626747133
robot-failure-lp1,0.4132594162209395,0.6256495096046201,0.5194246626778707
robot-failure-lp1,0.44684692744040755,0.5066673224309406,0.44684692744040755
robot-failure-lp2,0.0,0.42785848165549273,0.0
robot-failure-lp2,0.14506471329641488,0.40109031437471165,0.14506471329641488
robot-failure-lp2,0.34044145332459513,0.5685735326841775,0.34044145332459513
robot-failure-lp2,0.1917412472118426,0.0,0.0
robot-failure-lp2,0.3094922302950865,0.15638581054280606,0.125
robot-failure-lp3,0.0,0.17857142857142858,0.0
robot-failure-lp3,0.3535533905932738,0.1843024451936214,0.3535533905932738
robot-failure-lp3,0.38914482105801224,0.5865884600854132,0.38914482105801224
robot-failure-lp3,0.1690308509457033,0.4099600308453939,-0.02817180849095055
robot-failure-lp3,0.5470476064693477,0.682288239221013,0.27022640946662696
robot-failure-lp4,0.46106064232948457,0.6106580268910347,0.46106064232948457
robot-failure-lp4,0.3904344047215152,0.0651289609025836,0.3904344047215152
robot-failure-lp4,0.5162446502380734,0.29309491351948735,0.5162446502380734
robot-failure-lp4,0.3265259591979949,0.44540965473201055,0.3265259591979949
robot-failure-lp4,0.44006211775176796,0.4855041562276122,0.44006211775176796
robot-failure-lp5,0.3941022093828433,0.296908944528203,0.33089870036256175
robot-failure-lp5,0.43496605869335436,0.2368764083812088,0.4906674993319006
robot-failure-lp5,0.5267001850528648,0.311934680444529,0.44385745662801956
robot-failure-lp5,0.28418255248655205,0.09782903259380449,0.2361125344403821
robot-failure-lp5,0.3091732915790984,0.28117638060728245,0.23168537340286705
robot-nav-sensor-readings-2,0.9610121017799631,0.5758437157528423,0.9610121017799631
robot-nav-sensor-readings-2,0.9627362112760375,0.5492210981705637,0.9627362112760375
robot-nav-sensor-readings-2,0.9599452196382758,0.5735334679668311,0.9599452196382758
robot-nav-sensor-readings-2,0.9558302617779355,0.5564331571650156,0.9558302617779355
robot-nav-sensor-readings-2,0.9682130938449697,0.5872963295359714,0.9682130938449697
robot-nav-sensor-readings-24,0.7399295245429299,0.5299358705903484,0.7416223282914879
robot-nav-sensor-readings-24,0.716977966859417,0.523882534538349,0.721628634976335
robot-nav-sensor-readings-24,0.756621740844981,0.5370460422154436,0.7654098534692757
robot-nav-sensor-readings-24,0.7449703895830193,0.491272128748252,0.7415201420251176
robot-nav-sensor-readings-24,0.7214531729224805,0.5296090768639676,0.7343552722446303
robot-nav-sensor-readings-4,0.9204340542724954,0.5805951996194589,0.921839824146298
robot-nav-sensor-readings-4,0.9214336828212639,0.5693862730341216,0.9228515254558256
robot-nav-sensor-readings-4,0.9296957945433454,0.5765855005687325,0.9325087403524028
robot-nav-sensor-readings-4,0.9030220611173302,0.5541919575419637,0.9058609499997934
robot-nav-sensor-readings-4,0.9177335224592535,0.5922149320151154,0.9192448413387816
saheart,0.18450003668982679,0.245283602784054,0.18450003668982679
saheart,0.22349885335665023,0.3613962238419635,0.22349885335665023
saheart,0.20908593004944878,0.39102610501500973,0.20908593004944878
saheart,0.38154230979209985,0.5154856837935253,0.38154230979209985
saheart,0.31061969325452465,0.46147997999526635,0.31061969325452465
seeds,0.9291822403040757,0.9291822403040757,0.8951435925492911
seeds,0.6935645313382564,0.7236957309976881,0.6935645313382564
seeds,0.8556695708403339,0.8193680659744595,0.8541666666666666
seeds,0.8635576763637323,0.8635576763637323,0.8635576763637323
seeds,0.9289994844722097,0.9648100658715348,0.9289994844722097
seismic-bumps,0.07068135891110788,0.0,0.07068135891110788
seismic-bumps,0.08186876484378848,-0.011862757490512731,-0.026629347481733467
seismic-bumps,0.052041353364301976,-0.020586834392267654,0.08077881685346927
seismic-bumps,0.20278784499034277,-0.014340269434959219,0.14033985407022562
seismic-bumps,0.06769608640651209,0.09894524161278469,0.08069264538669714
semeion,0.8927437269495992,0.9094666966447126,0.8961267655666217
semeion,0.8965333921861934,0.920034185691471,0.9101668588058957
semeion,0.9035854983681861,0.8989967658473438,0.9070660470292834
semeion,0.9145632878290261,0.9304947565177931,0.9211577521669098
semeion,0.9230990662392724,0.9161590597086632,0.9195912924837432
shuttle-landing-control,-0.5,0.5,-0.5
shuttle-landing-control,-1.0,0.0,0.0
shuttle-landing-control,1.0,0.0,0.0
shuttle-landing-control,0.0,0.0,0.0
shuttle-landing-control,0.5,0.5,0.5
soybean-large,0.662449779411026,0.8762904462153982,0.6797705168298391
soybean-large,0.6753802790093846,0.8800509625889505,0.710822891099799
soybean-large,0.6008799033304988,0.8490733392709281,0.6203938767178415
soybean-large,0.7399076822821148,0.8610061428271691,0.7769263498595264
soybean-large,0.7004055952384578,0.8443766090860274,0.7191740608629645
soybean-small,1.0,1.0,1.0
soybean-small,1.0,1.0,1.0
soybean-small,1.0,1.0,1.0
soybean-small,0.868022582346337,1.0,1.0
soybean-small,1.0,1.0,1.0
spambase,0.7678578374554981,0.740228095184532,0.7863291695237221
spambase,0.7967903305495839,0.7901152575482917,0.8084692484945565
spambase,0.7653980163257849,0.7411113134761547,0.7854691154842521
spambase,0.7351009245816099,0.7682990308530374,0.7632098277867201
spambase,0.7721686265093508,0.7926384268195714,0.7923651611636675
spect-heart,0.17212786020508833,0.0103658212138778,0.17044177269080513
spect-heart,0.36989396595866714,0.3990119375605064,0.3128748582143271
spect-heart,0.4848966613672496,0.5171156399255817,0.3589685542997743
spect-heart,0.18981415059132417,0.1960035541098834,0.18981415059132417
spect-heart,0.17480754450681224,0.34360406637202473,0.11167132157090805
spectf-heart,0.37267799624996495,0.6428571428571429,0.37267799624996495
spectf-heart,0.4328123721558937,0.3673562358135627,0.4328123721558937
spectf-heart,0.26363016659473637,0.4668995278238409,0.26363016659473637
spectf-heart,0.3253639995444708,0.35628606801232027,0.3253639995444708
spectf-heart,0.34267343527160593,0.5379508323385152,0.34267343527160593
spectrometer,0.3485704804491128,0.2544384724363239,0.37722290354902865
spectrometer,0.39926146729895917,0.2246412336813088,0.3789901199887406
spectrometer,0.29321447320679933,0.2408419663889359,0.2815717766477943
spectrometer,0.2775470219726565,0.28673664719117337,0.2696527654471071
spectrometer,0.35532564687570856,0.26970228426878734,0.35476847125418387
statlog-australian-credit,0.6343933731554391,0.7054157572826165,0.6327567989988718
statlog-australian-credit,0.7718335803370794,0.7979374695623032,0.7970988682810615
statlog-australian-credit,0.6180679326588492,0.7840409585281405,0.6180679326588492
statlog-australian-credit,0.5941648944374969,0.7290725366783092,0.5934343434343434
statlog-australian-credit,0.7808884219619683,0.7128476135532594,0.7568636126170297
statlog-german-credit,0.38926935182470807,0.34386808225730703,0.3049203146775941
statlog-german-credit,0.3048262397124547,0.4888449144004875,0.38749274891234187
statlog-german-credit,0.16728309218733803,0.3226257567851335,0.23810042247511687
statlog-german-credit,0.3958269084515703,0.4530219239881849,0.45071753914699203
statlog-german-credit,0.33534334489711715,0.5855168737932974,0.41449900472224244
statlog-german-credit-numeric,0.22933946200354616,0.38010333250934586,0.2871883858197815
statlog-german-credit-numeric,0.22308966646372128,0.39976372965867235,0.23855583397075705
statlog-german-credit-numeric,0.17442550038556945,0.4163728091788164,0.2518053873501101
statlog-german-credit-numeric,0.29310366231361956,0.46357989836250707,0.2816515636521036
statlog-german-credit-numeric,0.35175527714748106,0.5208731182917626,0.41640929702832985
statlog-heart,0.6380047326551185,0.5906865990584262,0.5906865990584262
statlog-heart,0.5860942701532694,0.6643638388299198,0.5860942701532694
statlog-heart,0.721750317577707,0.8894991799933214,0.6708203932499369
statlog-heart,0.7129310462392063,0.7951923208052686,0.6394449716263073
statlog-heart,0.5918801328828347,0.6291208791208791,0.554945054945055
statlog-image-segmentation,0.9297453702933157,0.873945891596333,0.9321331618987387
statlog-image-segmentation,0.9224475166412366,0.8743694791275715,0.9200852817043508
statlog-image-segmentation,0.934603529104881,0.8839548263474739,0.934588735941491
statlog-image-segmentation,0.9597493228879014,0.8994733021532229,0.9597493228879014
statlog-image-segmentation,0.9346386495626885,0.8886990461875609,0.9345446728054548
statlog-landsat-satellite,0.8874254518272965,0.827420066192058,0.8959830040946323
statlog-landsat-satellite,0.8838919154740005,0.8093418153744253,0.8862386268991769
statlog-landsat-satellite,0.8866653896796197,0.8250047703749731,0.897892096337059
statlog-landsat-satellite,0.8753092954907084,0.8191963910531306,0.8817317808707458
statlog-landsat-satellite,0.8783222983129982,0.8159659970501854,0.8869908055888591
statlog-vehicle-silhouettes,0.5772799659703407,0.6265026263394498,0.5844900671518689
statlog-vehicle-silhouettes,0.6668235872286399,0.681435765748781,0.6826707376737899
statlog-vehicle-silhouettes,0.5553039205378584,0.7021924597967378,0.5836053708511248
statlog-vehicle-silhouettes,0.5337199400267669,0.6308611173451185,0.5379441004050802
statlog-vehicle-silhouettes,0.6118037205958764,0.6011607045824938,0.5701288960322242
steel-plates-faults,0.9890027329375712,1.0,0.9890027329375712
steel-plates-faults,0.9786338866420459,1.0,0.9786338866420459
steel-plates-faults,0.963552025740085,1.0,0.963552025740085
steel-plates-faults,0.9613877699275767,1.0,0.9613877699275767
steel-plates-faults,0.9828512112708127,1.0,0.9828512112708127
systhetic-control,0.9701279580162362,0.980034046183493,0.9701279580162362
systhetic-control,0.9802644776066374,0.9900460924450006,0.9802644776066374
systhetic-control,0.941673640167364,0.960050587965917,0.941673640167364
systhetic-control,0.9701342569520944,0.9797561827701062,0.9701342569520944
systhetic-control,0.9801607232546459,0.9702656831460423,0.9801607232546459
tamilnadu-electricity,1.0,1.0,1.0
tamilnadu-electricity,1.0,1.0,1.0
tamilnadu-electricity,1.0,1.0,1.0
tamilnadu-electricity,1.0,1.0,1.0
tamilnadu-electricity,1.0,1.0,1.0
teaching-assistant-evaluation,0.34931514572693373,0.358323297789217,0.3675577290855497
teaching-assistant-evaluation,0.2448482310160174,0.21905755385584455,0.2512810443963712
teaching-assistant-evaluation,0.34049978585406876,0.4243092222457609,0.3439567250999704
teaching-assistant-evaluation,0.21971178880119727,0.38527082432925575,0.3279742765273312
teaching-assistant-evaluation,0.24710090223548065,0.15476336295713022,0.26349301969610395
texture,0.9740461598811937,0.9730199980038158,0.9750458377491892
texture,0.9650037311578151,0.9540047920828586,0.9660035427123393
texture,0.9800134648251986,0.9680117078055909,0.9820161589416114
texture,0.9789946833586103,0.9629844373162622,0.9799920470178907
texture,0.9730383782874494,0.9640365073889974,0.9750307962214785
thoracic-surgery,-0.041542027839220334,0.06821562372388004,-0.041542027839220334
thoracic-surgery,0.0,-0.06609935590497507,0.0
thoracic-surgery,-0.11307249058835611,-0.09738412097417933,-0.11307249058835611
thoracic-surgery,0.0,0.07880780210238154,0.0
thoracic-surgery,0.0,0.0,0.0
thyroid-allbp,0.40194019595968994,0.41609433387739425,0.3964081289777226
thyroid-allbp,0.36599815974117944,0.4610648102761019,0.3828669187326622
thyroid-allbp,0.42968634167533154,0.4763191512803196,0.4188612529192129
thyroid-allbp,0.4041268857190928,0.4587920152243402,0.40601986539922885
thyroid-allbp,0.4210325299557094,0.4614651106339001,0.431892460447829
thyroid-allhyper,0.40194019595968994,0.41609433387739425,0.3964081289777226
thyroid-allhyper,0.36599815974117944,0.4610648102761019,0.3828669187326622
thyroid-allhyper,0.42968634167533154,0.4763191512803196,0.4188612529192129
thyroid-allhyper,0.4041268857190928,0.4587920152243402,0.40601986539922885
thyroid-allhyper,0.4210325299557094,0.4614651106339001,0.431892460447829
thyroid-allhypo,0.40194019595968994,0.41609433387739425,0.3964081289777226
thyroid-allhypo,0.36599815974117944,0.4610648102761019,0.3828669187326622
thyroid-allhypo,0.42968634167533154,0.4763191512803196,0.4188612529192129
thyroid-allhypo,0.4041268857190928,0.4587920152243402,0.40601986539922885
thyroid-allhypo,0.4210325299557094,0.4614651106339001,0.431892460447829
thyroid-allrep,0.40194019595968994,0.41609433387739425,0.3964081289777226
thyroid-allrep,0.36599815974117944,0.4610648102761019,0.3828669187326622
thyroid-allrep,0.42968634167533154,0.4763191512803196,0.4188612529192129
thyroid-allrep,0.4041268857190928,0.4587920152243402,0.40601986539922885
thyroid-allrep,0.4210325299557094,0.4614651106339001,0.431892460447829
thyroid-ann,0.4151746844817496,0.37163226406000993,0.3944377378740492
thyroid-ann,0.429058319929939,0.36598132540647493,0.429058319929939
thyroid-ann,0.35562929079753414,0.3527018991289213,0.35562929079753414
thyroid-ann,0.40095295026690947,0.3517807713903597,0.40095295026690947
thyroid-ann,0.2922079178813731,0.31880690183133525,0.2654736521157988
thyroid-dis,0.40194019595968994,0.41609433387739425,0.3964081289777226
thyroid-dis,0.36599815974117944,0.4610648102761019,0.3828669187326622
thyroid-dis,0.42968634167533154,0.4763191512803196,0.4188612529192129
thyroid-dis,0.4041268857190928,0.4587920152243402,0.40601986539922885
thyroid-dis,0.4210325299557094,0.4614651106339001,0.431892460447829
thyroid-hypothyroid,0.5579390647732062,0.3403079837581302,0.5579390647732062
thyroid-hypothyroid,0.5490826698422074,0.44175303128711935,0.5264056520009311
thyroid-hypothyroid,0.7582036144008344,0.7180796964837204,0.7582036144008344
thyroid-hypothyroid,0.7222711939563498,0.596770646788995,0.7222711939563498
thyroid-hypothyroid,0.6980314619156218,0.6024306643208077,0.6753357852938261
thyroid-newthyroid,0.900589657614075,0.8012687898343243,0.9501795968201797
thyroid-newthyroid,0.8658107089181004,0.6346882888957593,0.9335623796141
thyroid-newthyroid,0.8483833467145175,0.5678174765238283,0.8992457399714457
thyroid-newthyroid,0.7404228267165178,0.6687149123769442,0.809556739426941
thyroid-newthyroid,0.9503879926647365,0.6940557648499979,0.9503879926647365
thyroid-sick,0.3776110269510861,0.40110224494274027,0.38315421675625155
thyroid-sick,0.35801882681895386,0.44879561087394704,0.37328366031261645
thyroid-sick,0.3721524649997675,0.4676887366412848,0.3879684226492636
thyroid-sick,0.3964566249672403,0.4752722146286971,0.40720171941376804
thyroid-sick,0.38117434976227377,0.4403447552619481,0.3727788585263504
thyroid-sick-euthyroid,0.5837953703527274,0.29160654414550274,0.5890819353506404
thyroid-sick-euthyroid,0.5256494212993511,0.3163180035680133,0.5709203745715296
thyroid-sick-euthyroid,0.5435714261143222,0.2447155862471831,0.5958586249547916
thyroid-sick-euthyroid,0.5996159183034683,0.21306016454347465,0.6933619965615103
thyroid-sick-euthyroid,0.4738843507111973,0.3433554668104598,0.58077087056591
tic-tac-toe,0.9664394003512494,0.9448224543025313,0.9664394003512494
tic-tac-toe,0.9665254412437516,0.9885628833167365,0.9665254412437516
tic-tac-toe,0.9518009274225969,0.976047415158452,0.9518009274225969
tic-tac-toe,0.9550351288056206,0.9665254412437516,0.9550351288056206
tic-tac-toe,0.9767413688673531,1.0,0.9767413688673531
trains,1.0,1.0,1.0
trains,0.0,0.0,0.0
trains,-1.0,-1.0,-1.0
trains,0.0,0.0,0.0
trains,0.0,0.0,0.0
turkiye-student,0.281100541569694,0.325815292053406,0.289187285654449
turkiye-student,0.2407210299205676,0.29691509550138095,0.24340063919343866
turkiye-student,0.2692001477871955,0.34512137396145176,0.27223200572570644
turkiye-student,0.26195816157645246,0.31149711282549236,0.2667265925993878
turkiye-student,0.27893533580946744,0.33434086013838404,0.28102077303662804
twonorm,0.9445609006253245,0.9526473661028766,0.9445609006253245
twonorm,0.9527453301365706,0.9675989599761016,0.9527453301365706
twonorm,0.9513660266016719,0.9595042325824014,0.9513660266016719
twonorm,0.944692923518809,0.958172113359353,0.944692923518809
twonorm,0.9501002842808903,0.960824643422659,0.9501002842808903
user-knowledge,0.8240942237008134,0.8472439859073695,0.8413146533364764
user-knowledge,0.7090283583703288,0.6564130901836792,0.7090283583703288
user-knowledge,0.7190204043529845,0.679834802655689,0.7330188148866933
user-knowledge,0.6745757898617403,0.704451896987258,0.6880496161716931
user-knowledge,0.7943703599723796,0.7655149761880128,0.8111956883251016
vertebra-column-2c,0.3271767812285599,0.039929785312496247,0.462387717508155
vertebra-column-2c,0.4326797385620915,0.4827579863569404,0.4541012555987897
vertebra-column-2c,0.46039438714913383,0.35192842385957146,0.4393905500662891
vertebra-column-2c,0.5933786463565035,0.4257397742761379,0.6725968205756729
vertebra-column-2c,0.6331139999141638,0.4768465795003941,0.6725968205756729
vertebra-column-3c,0.5394159833296692,0.3299429361954545,0.5394159833296692
vertebra-column-3c,0.5701817326222491,0.6497348322836392,0.5944137581611157
vertebra-column-3c,0.6258620689655172,0.5869337007274514,0.5685962018307544
vertebra-column-3c,0.6073082981647585,0.6774053975323514,0.6279053232667887
vertebra-column-3c,0.69974930106717,0.7734875516120397,0.7230935157651822
volcanoes-a1,0.3835921216482214,0.340027672193728,0.4126921081349057
volcanoes-a1,0.3931507108959196,0.31863066612288826,0.39372372701537167
volcanoes-a1,0.41837520088853747,0.32254217814663216,0.4712561852622016
volcanoes-a1,0.24971463027084537,0.17884707546129228,0.32275472016602424
volcanoes-a1,0.28827717348179827,0.23526020489845528,0.28827717348179827
volcanoes-a2,0.4252151792425563,0.2705886247922108,0.43326436239095645
volcanoes-a2,0.3819726068597304,0.2929991007873738,0.3819726068597304
volcanoes-a2,0.2906408314117603,0.37702421156595645,0.3012734058414528
volcanoes-a2,0.45990847045012984,0.4423994756403325,0.4858977032381018
volcanoes-a2,0.37426902142814217,0.32210755199793834,0.3815861857793334
volcanoes-a3,0.5137396507032264,0.259593034472334,0.48522539323105773
volcanoes-a3,0.2548206649678278,0.1812100927557363,0.24878005944577822
volcanoes-a3,0.36577800727476417,0.3089004090331328,0.381531919281409
volcanoes-a3,0.41293576706219065,0.35573124667809614,0.3932839366428424
volcanoes-a3,0.2830947632414874,0.24311097996683476,0.3237105972412535
volcanoes-a4,0.3000815369022904,0.22774283401261114,0.2796843614273839
volcanoes-a4,0.26860434172382064,0.14639269592407134,0.26860434172382064
volcanoes-a4,0.3672771712102944,0.2525493614140258,0.35831346980665685
volcanoes-a4,0.29110407388229637,0.19550811356735368,0.3064865222617358
volcanoes-a4,0.2243037839015192,0.23700394970480657,0.2517516927722192
volcanoes-b1,0.361245255779659,0.4198150930776969,0.38448172641678413
volcanoes-b1,0.25857255547269914,0.26111342312370084,0.2750474267259278
volcanoes-b1,0.28665436622652896,0.2618544549711524,0.30936682963174805
volcanoes-b1,0.3461662306600358,0.3842492850750415,0.3461662306600358
volcanoes-b1,0.30083539058031106,0.27360198237024325,0.32194055298298074
volcanoes-b2,0.3055157401893329,0.36285854984582516,0.35077407787590575
volcanoes-b2,0.2975090919066344,0.35104879211472106,0.31850457556215617
volcanoes-b2,0.25293293394876926,0.27052210464146237,0.25293293394876926
volcanoes-b2,0.326300953944886,0.34245347759076344,0.34687731940845756
volcanoes-b2,0.31561425408708127,0.3708411967548456,0.3076703274105239
volcanoes-b3,0.2384315640760094,0.2728879727565072,0.26133560223683155
volcanoes-b3,0.2361159446082899,0.3791903045234255,0.3019080403470633
volcanoes-b3,0.20124853390738925,0.2565316963378583,0.17479798032587085
volcanoes-b3,0.2844164597511563,0.3248888050636355,0.31829183001934813
volcanoes-b3,0.23960275601330044,0.2760848772991126,0.24658156071384665
volcanoes-b4,0.2841983490372052,0.27040824191333124,0.32250131609928184
volcanoes-b4,0.26031385678813307,0.3349869676707852,0.30209955416221623
volcanoes-b4,0.25751138096208714,0.2599980498692125,0.28927795214312835
volcanoes-b4,0.29390989611964774,0.36135746149098186,0.31319265465446267
volcanoes-b4,0.3116956277106626,0.2927462538179851,0.3202088346267913
volcanoes-b5,0.2956653315119836,0.2961517171477849,0.28084833566143225
volcanoes-b5,0.30152490099435286,0.3332628090309178,0.28211241643143564
volcanoes-b5,0.3139272217509099,0.3467626085482866,0.32914679419339427
volcanoes-b5,0.27735776432686055,0.33013114860483184,0.3247513427441861
volcanoes-b5,0.35759749546477104,0.32366144394120483,0.35246911461181946
volcanoes-b6,0.24643934618335367,0.26370876106922553,0.26812854212528986
volcanoes-b6,0.2523240413899738,0.3244849114196058,0.3333876086156758
volcanoes-b6,0.24821034136057737,0.32041644680400655,0.2492685868750025
volcanoes-b6,0.2358113087950732,0.3715409827031799,0.2671302000662595
volcanoes-b6,0.2847378708878046,0.3218789371613002,0.2701212904247214
volcanoes-c1,0.19873407213447078,0.2516495650521102,0.22741158952959817
volcanoes-c1,0.2512427184714127,0.31008210862237345,0.2544476116031434
volcanoes-c1,0.2446941942006015,0.3024451847802294,0.2557786199248119
volcanoes-c1,0.24902099374183098,0.32197656338662345,0.25856456088657054
volcanoes-c1,0.25595130101997593,0.2920409037459602,0.2875698779941348
volcanoes-d1,0.04534958565180162,0.0,0.13350178977239816
volcanoes-d1,0.0,-0.003978669546190112,0.0
volcanoes-d1,0.0,0.0,0.09582093142673438
volcanoes-d1,0.0,-0.005928514685788234,0.07126276680065087
volcanoes-d1,0.0,-0.006096947254921052,0.0
volcanoes-d2,0.030715997923833366,-0.004142627561169473,0.030715997923833366
volcanoes-d2,0.06809253883564291,0.0,0.06809253883564291
volcanoes-d2,0.0990007645625343,0.028784537249985257,0.13577352686410898
volcanoes-d2,0.03139649675508991,0.0822311417640268,0.03139649675508991
volcanoes-d2,0.05337116470223066,0.05287651413319948,0.05337116470223066
volcanoes-d3,0.021333764109661677,0.0,0.05022340315833019
volcanoes-d3,0.08969039538294894,0.06287985169558989,0.1095946704411407
volcanoes-d3,0.031432355475983095,-0.003879020838724707,0.023430569848109595
volcanoes-d3,0.10377585119332784,0.054788602553201705,0.11698738588037567
volcanoes-d3,0.09131729271396347,0.0,0.09131729271396347
volcanoes-d4,0.0,-0.004563096754221404,0.0
volcanoes-d4,0.0,0.014836997396440173,0.018577775186105223
volcanoes-d4,0.04715867518070596,-0.006145054486884918,0.04715867518070596
volcanoes-d4,0.09732409608254211,0.0,0.09732409608254211
volcanoes-d4,0.0,-0.0043279614667076135,0.0
volcanoes-e1,0.07677161814099195,-0.014117254770615682,0.1282735306470386
volcanoes-e1,0.14115292716710617,0.0,0.10691329523915165
volcanoes-e1,0.2512993725374727,0.0,0.2512993725374727
volcanoes-e1,0.0,0.0,0.0
volcanoes-e1,0.1897764074536314,0.0,0.1897764074536314
volcanoes-e2,0.0,0.0,0.0
volcanoes-e2,0.15516930743566457,-0.014058661301374276,0.16585788714204483
volcanoes-e2,0.21468126747397578,0.0,0.23058622875324766
volcanoes-e2,0.10386040229234117,0.0,0.10386040229234117
volcanoes-e2,-0.02073958811891331,-0.02073958811891331,0.09334000673953752
volcanoes-e3,0.09601023908607684,0.1008462814150423,0.09601023908607684
volcanoes-e3,0.06652230658447786,0.10458075918548386,0.06652230658447786
volcanoes-e3,0.27669129512720186,0.0,0.2632956811169747
volcanoes-e3,0.11045603088721904,0.10951196224715735,0.050823466314571734
volcanoes-e3,0.06609637855738698,0.18092095731902405,0.09375108348309481
volcanoes-e4,0.2480513249882764,0.09562691277055091,0.2520561478919723
volcanoes-e4,0.1179267238174972,0.05456207524507288,0.1179267238174972
volcanoes-e4,0.17029443169770958,-0.0180948891799009,0.19902026932711936
volcanoes-e4,0.1540374034206493,0.10478610625264302,0.23943603852642367
volcanoes-e4,0.16878749455829936,0.07993805046889053,0.19224285357915574
volcanoes-e5,0.21916693683325278,-0.01570800016912047,0.21916693683325278
volcanoes-e5,0.05294903538802731,0.0,0.09664494750346495
volcanoes-e5,0.2277209336754139,0.0,0.2277209336754139
volcanoes-e5,0.022261047974203148,-0.013822444967313774,0.023663949977658198
volcanoes-e5,0.11621827302153383,0.0,0.18525594926854475
voting,0.7468224529267488,0.8187861263353509,0.7468224529267488
voting,0.8689991223653047,0.910166120476864,0.8689991223653047
voting,0.8079294695392834,0.9266130179487766,0.8079294695392834
voting,0.8646011687432725,0.9111772069356346,0.8646011687432725
voting,0.8444595708015669,0.9080810564395299,0.8444595708015669
waveform-v1,0.7428273170759985,0.7981152187455796,0.7282788824459278
waveform-v1,0.7693527209924302,0.8004995097423876,0.7513542539792339
waveform-v1,0.7606669964688849,0.794953804619243,0.7534331392412622
waveform-v1,0.8021543786524721,0.8385445363924625,0.7907396450475279
waveform-v1,0.7881143985764854,0.8456319790395115,0.784695692300264
waveform-v2,0.7421615299461484,0.8094634379938465,0.7377242743388226
waveform-v2,0.7294619895588175,0.7941824658855205,0.7392948877095948
waveform-v2,0.7645372429505751,0.8110326370515342,0.7799530711154665
waveform-v2,0.6919792328395127,0.8156382657757834,0.7075893476142984
waveform-v2,0.7242124574277575,0.8170207917531006,0.7331928179340256
wdbc,0.9797528320011869,0.9388400763791593,0.9797528320011869
wdbc,0.9266092224680211,0.9086150974691304,0.9266092224680211
wdbc,0.9633432944855655,0.9633432944855655,0.9633432944855655
wdbc,0.9259891667402068,0.8895795580507626,0.9259891667402068
wdbc,0.9810330475955543,0.9433397594898876,0.9810330475955543
wholesale-channel,0.7862780813600486,0.5563396456456073,0.7862780813600486
wholesale-channel,0.7713980457940927,0.6306707315696639,0.7713980457940927
wholesale-channel,0.705685618729097,0.6998964726756152,0.705685618729097
wholesale-channel,0.8192972096078194,0.6353949229215907,0.8192972096078194
wholesale-channel,0.7473862616247127,0.6475307821409715,0.7473862616247127
wholesale-region,-0.08329720423451706,0.0,-0.05856053376893601
wholesale-region,-0.007086543874921188,-0.04736602616864491,0.02111339932786212
wholesale-region,-0.09146100980161384,0.0,-0.07870657053371066
wholesale-region,0.1816504452122378,0.0,0.1816504452122378
wholesale-region,-0.07492310947632007,0.0,0.0
wilt,0.3360103761701299,0.0,0.5317317610368342
wilt,0.22717001918514756,0.0,0.22717001918514756
wilt,0.29515213662816425,0.0,0.35923334137526236
wilt,0.09327384842501893,0.0,0.13204590576728378
wilt,0.2468185842184481,0.0,0.28514933614502125
wine,1.0,1.0,1.0
wine,0.9194151095008963,0.9589742779399312,0.9194151095008963
wine,0.9189486384991283,0.9189486384991283,0.9189486384991283
wine,0.920384803183818,0.9591605129565426,0.920384803183818
wine,1.0,0.9593049197031281,0.9594444448176326
wine-quality-5class,0.34618241001048067,0.3290312346407635,0.36774572024532126
wine-quality-5class,0.2716409529388349,0.27628716151322963,0.2934282148408384
wine-quality-5class,0.3072578145852639,0.2636154760186227,0.3025095261710403
wine-quality-5class,0.2975054582796761,0.2618494255968183,0.30814943930150623
wine-quality-5class,0.3217873674810795,0.2857367525568455,0.34031011912497944
wine-quality-red,0.3486434184658406,0.3360086410985356,0.3712796173906617
wine-quality-red,0.2608935884218785,0.2818802435270793,0.2638556342579485
wine-quality-red,0.3337825216499276,0.2537181025866952,0.3467579320855172
wine-quality-red,0.2481139280413979,0.2497054494720921,0.282937872715387
wine-quality-red,0.32396158851356543,0.3293008916382338,0.3331082108883312
wine-quality-white,0.2627971553638,0.23743542710966029,0.27179957833603696
wine-quality-white,0.30073774250220897,0.24325609452469246,0.3146722833365671
wine-quality-white,0.3193982971563108,0.2798743424595986,0.3431778152126035
wine-quality-white,0.28903493376393097,0.24650958148462185,0.31837908337852316
wine-quality-white,0.278934028914662,0.27597806106689304,0.28296966974430343
wine-quality-white-5class,0.27102672598451777,0.2485118341987443,0.3165150785328719
wine-quality-white-5class,0.28194802143462444,0.25912989151653354,0.2986487275893921
wine-quality-white-5class,0.2912603173248397,0.28656699865622876,0.3127161974627618
wine-quality-white-5class,0.28512478030574057,0.2603886247071486,0.3045631622351179
wine-quality-white-5class,0.32597747745502825,0.2981493660179662,0.3410080701430564
wpbc,0.030746572204190706,-0.009794320157666882,0.013242226336053984
wpbc,-0.04740260655405164,0.058652033103983696,-0.084196410353737
wpbc,-0.04317827656160286,0.006066712366409378,-0.10863027996259672
wpbc,0.08293765431712272,0.052780321773467954,-0.0028708778070971864
wpbc,0.08265377409485009,-0.0032311231824183957,0.07516579608475452
yeast,0.45792998698492887,0.421965242065769,0.48216707596330377
yeast,0.403862762738697,0.4282868515075176,0.4332143634832576
yeast,0.5061563448599242,0.4402783227159005,0.5079952858892532
yeast,0.5116118126408742,0.46169601606508126,0.5017218961052446
yeast,0.5063165807101158,0.45866191883782725,0.5341310149042633
yeast-4class,0.45453507364484097,0.4954996149412935,0.49131148103891814
yeast-4class,0.41049135702883416,0.4442347932116654,0.4269826527283946
yeast-4class,0.5012241753841223,0.4276961557866985,0.4993012129438369
yeast-4class,0.46308968604012524,0.4713968622595654,0.4634770272717048
yeast-4class,0.3893893379294817,0.4001126325765075,0.4210555106840126
zoo,0.7009351345176148,0.8168204998797961,0.7018199634622367
zoo,0.8201371978141951,0.8787878787878788,0.8201371978141951
zoo,0.7564257978626042,0.8718127839772387,0.7564257978626042
zoo,0.7508237077437547,0.8688571290484498,0.7508237077437547
zoo,0.8761948913937969,0.9369131791315966,0.8761948913937969
